id,text,true_stance,pred_stance,true_sentiment,pred_sentiment,gemma_reasoning
VNLP_V6_1284,"Tuấn Lê đẻ thuận tự nhiên rồi anti vacxin tới lúc con bị bệnh thì đổ lỗi do covid , lạy hồn",0,2,0,1,"**Reasoning Paragraph (Vietnamese):**

Văn bản này chứa đựng những tuyên bố mang tính chất cực đoan và sai lệch về mặt y khoa. Về mặt sự thật y tế, việc bác bỏ vắc-xin (anti vacxin) là hành vi nguy hiểm và đi ngược lại với các bằng chứng khoa học đã được kiểm chứng về hiệu quả của tiêm chủng trong việc phòng ngừa bệnh tật. Việc đổ lỗi cho COVID-19 khi trẻ bị bệnh sau khi được sinh thuận tự nhiên là một sự quy kết sai lầm, không có cơ sở khoa học. Quan điểm của người nói (speaker's stance) là cực kỳ tiêu cực và mang tính công kích, nhắm vào một cá nhân cụ thể (Tuấn Lê) và những người có quan điểm tương tự. Cảm xúc (sentiment) được thể hiện là sự giận dữ, khinh miệt và cảnh báo mạnh mẽ (""lạy hồn""). Do nội dung này trực tiếp cổ súy cho sự hoài nghi về y tế và có thể dẫn đến hành vi nguy hiểm, nó được phân loại là thông tin sai lệch (Misinformation)."
VNLP_V6_0576,Có người đi tiêm lại nói ko có danh sách phài đi về ko được tiêm là sao?,2,2,0,1,"**Phân tích:**

Văn bản này là một câu hỏi mang tính chất chất vấn, thể hiện sự băn khoăn hoặc nghi ngờ của người nói về một thông tin nào đó mà họ đã nghe được từ người khác (""Có người đi tiêm lại nói ko có danh sách phài đi về ko được tiêm là sao?""). Về mặt y khoa, câu hỏi này không cung cấp đủ ngữ cảnh để xác định tính đúng sai của thông tin được nhắc đến (tức là liệu có danh sách loại trừ hay không). Tuy nhiên, bản thân câu hỏi này không chứa đựng thông tin sai lệch; nó chỉ là một lời thắc mắc về quy trình tiêm chủng. Quan điểm của người nói là tìm kiếm sự làm rõ, không phải là đưa ra một tuyên bố. Cảm xúc chủ đạo là sự hoài nghi, bối rối hoặc cần được giải thích rõ ràng. Do đó, đây không phải là thông tin sai lệch (Misinformation), mà là một truy vấn cần xác minh."
VNLP_V6_0571,"K phải ng ta từ chối tiêm, nếu vacxin Anh, Mỹ , pháp, Nhật ng ta tiêm luôn. Dân ng ta cũng có quyền lựa chọn, sao k đưa ra phương án , k tiêm loại này thì tiêm loại khác, theo tôi cứ tiêm dịch vụ ng dân lựa chọn.",0,2,0,1,"**Phân tích:**

Văn bản này đưa ra một lập luận mang tính chất phản biện và đề xuất giải pháp thay thế cho việc tiêm chủng. Về mặt y khoa, câu nói ""K phải ng ta từ chối tiêm, nếu vacxin Anh, Mỹ , pháp, Nhật ng ta tiêm luôn"" là một sự khái quát hóa không chính xác. Việc một quốc gia hoặc một nhóm người cụ thể tiêm chủng hay không phụ thuộc vào nhiều yếu tố phức tạp như tỷ lệ bao phủ, sự sẵn có của vắc-xin, niềm tin cộng đồng, và các chiến lược y tế công cộng, chứ không chỉ đơn thuần là sự ""từ chối"". Quan trọng hơn, người nói nhấn mạnh quyền lựa chọn của người dân (""Dân ng ta cũng có quyền lựa chọn"") và đề xuất một giải pháp thay thế: nếu không chấp nhận loại vắc-xin hiện tại, thì nên có các lựa chọn khác (""sao k đưa ra phương án , k tiêm loại này thì tiêm loại khác""). Quan điểm này thể hiện sự hoài nghi về một loại vắc-xin cụ thể (hoặc chiến lược tiêm chủng hiện tại) và ủng hộ sự đa dạng trong các lựa chọn y tế. Cảm xúc chung của người nói là thận trọng, đòi hỏi sự minh bạch và sự tôn trọng đối với quyền tự quyết của cá nhân, không mang tính chất tấn công mà là một lời kiến nghị mang tính xây dựng."
VNLP_V6_1433,Khôi Xuân Nguyễn 🤣 nghe ba cái con bán đồ thuốc sinh tự nhiên cái k cho con đi tiêm. Đù má đã ngu mà nói còn hay cãi lắm,0,2,0,1,"**Reasoning Paragraph (Vietnamese):**

Văn bản này chứa đựng những tuyên bố cực kỳ nguy hiểm và sai lệch về mặt y khoa. Về mặt sự thật y tế, việc từ chối tiêm chủng là hành vi đi ngược lại với các khuyến nghị y tế toàn cầu và khoa học đã được chứng minh, vì tiêm chủng là biện pháp phòng ngừa bệnh truyền nhiễm hiệu quả nhất. Quan điểm của người nói thể hiện sự phản đối mạnh mẽ và cực đoan đối với việc tiêm chủng, được thể hiện qua ngôn ngữ thô tục và mang tính công kích cá nhân (""Đù má đã ngu mà nói còn hay cãi lắm""). Cảm xúc chủ đạo trong văn bản là sự giận dữ, khinh miệt và thái độ thù địch rõ rệt đối với những người ủng hộ hoặc thực hành y tế. Do đó, nội dung này rõ ràng là thông tin sai lệch (Misinformation) và mang tính công kích (Hostile)."
VNLP_V6_1561,Tìm người chưa tiêm vacxin covid như tôi.,1,2,1,1,"**Phân tích:**

Văn bản ""Tìm người chưa tiêm vacxin covid như tôi"" là một lời kêu gọi hoặc một tuyên bố mang tính cá nhân, không chứa thông tin y tế cụ thể nào để đánh giá tính đúng sai về mặt y khoa. Về mặt y tế, việc tìm kiếm người chưa tiêm vắc-xin COVID-19 không phải là một hành động mang tính khoa học hay y tế tích cực; nó có thể ám chỉ sự tìm kiếm sự đồng cảm, sự chia sẻ trải nghiệm, hoặc có thể là một lời kêu gọi hành động (dù không rõ ràng). Quan trọng hơn, việc tự nhận mình là người chưa tiêm vắc-xin và công khai tìm kiếm người khác trong tình trạng tương tự có thể bị coi là một dấu hiệu của sự thiếu thông tin hoặc thái độ tiêu cực đối với các biện pháp phòng ngừa y tế được khuyến nghị. Về lập trường (Stance), người nói đang thể hiện một sự tìm kiếm kết nối hoặc sự đồng cảm về tình trạng cá nhân của họ. Cảm xúc (Sentiment) có thể được diễn giải là sự lo lắng, cô đơn, hoặc sự phản kháng ngầm đối với các khuyến nghị y tế. Tuy nhiên, do nội dung quá mơ hồ và mang tính cá nhân, nó không thể được phân loại là thông tin sai lệch (Misinformation) theo nghĩa truyền tải sai sự thật y khoa, mà thiên về việc thể hiện một quan điểm hoặc trạng thái cá nhân."
VNLP_V6_1565,Tau cũng tiêm nhưng full giáp thì cho tau tiền cũng không nhận.,1,2,0,1,"**Reasoning Paragraph (Vietnamese):**

Văn bản này mang tính chất rất tiêu cực và mang tính chất cá nhân, không cung cấp bất kỳ thông tin y tế cụ thể nào để đánh giá tính đúng sai về mặt y khoa. Về mặt y tế, câu nói này ám chỉ sự không hài lòng hoặc sự từ chối một điều gì đó liên quan đến việc tiêm chủng (""Tau cũng tiêm"") và một khái niệm được gọi là ""full giáp"" (có thể là một thuật ngữ không chính thức, ám chỉ việc tiêm phòng đầy đủ hoặc một gói bảo hiểm/chăm sóc toàn diện). Việc người nói nói ""cho tau tiền cũng không nhận"" thể hiện sự phản đối mạnh mẽ hoặc sự bất mãn sâu sắc đối với một đề nghị nào đó. Quan điểm của người nói là phủ định, thể hiện sự không đồng tình với một điều kiện hoặc một gói dịch vụ nào đó. Cảm xúc chủ đạo trong câu nói là sự bực bội, chán nản hoặc sự phản kháng gay gắt. Do thiếu ngữ cảnh y tế rõ ràng và mang tính chất than phiền cá nhân, nó không thể được phân loại là thông tin y tế sai lệch (misinformation) theo nghĩa khoa học, mà là một lời bày tỏ quan điểm tiêu cực."
VNLP_V6_1739,All cho mình hỏi mình ở tphcm cho bé đi học mẫu giáo mà học trường tư thì họ có đòi sổ tiêm ngừa không ?? Tại mấy đứa cháu mình cho học trường công thì bị đòi sổ tiêm ngừa.. đang đau đầu ghê không bít cho bé nhà mình học ở đâu,2,2,0,1,"**Phân tích:**

Văn bản này là một câu hỏi của người dùng đang tìm kiếm thông tin về yêu cầu sổ tiêm chủng khi đăng ký cho con đi học mẫu giáo tại trường tư thục ở TP.HCM. Về mặt y khoa, việc các cơ sở giáo dục (cả công lập và tư thục) yêu cầu sổ tiêm chủng là một thực hành y tế hợp lý và được khuyến nghị mạnh mẽ, nhằm đảm bảo sức khỏe cộng đồng và phòng ngừa các bệnh truyền nhiễm. Người dùng đang thể hiện sự bối rối và lo lắng (""đang đau đầu ghê không bít cho bé nhà mình học ở đâu"") do có sự khác biệt trong kinh nghiệm của họ (cháu học trường công bị đòi, nhưng không rõ trường tư có đòi không). Quan điểm của người nói là tìm kiếm sự xác nhận hoặc hướng dẫn về quy định. Cảm xúc chủ đạo là sự băn khoăn, lo lắng về thủ tục hành chính và sức khỏe của con."
VNLP_V6_1781,"Mình dg tìm hiểu dần nên hay k nên tiêm VC, nhưng cảm nhận giao mùa này bé nhà mình 8,5T đã sốt và cúm mất2,3lần/tháng. Thật sự sót con",2,2,0,1,"**Reasoning Paragraph (Vietnamese):**

Văn bản này thể hiện sự lo lắng của người nói về việc tiêm vắc-xin (VC) cho con, dựa trên kinh nghiệm cá nhân rằng con họ (8,5 tuổi) thường xuyên bị sốt và cúm nhiều lần trong mùa giao mùa. Về mặt y khoa, việc người nói đưa ra nhận định này là một ví dụ điển hình của việc nhầm lẫn giữa sự xuất hiện của bệnh tật và sự cần thiết của việc phòng ngừa. Các triệu chứng sốt và cúm thường gặp trong mùa giao mùa là hiện tượng tự nhiên, và việc tiêm vắc-xin (nếu là vắc-xin cúm hoặc các bệnh khác) là biện pháp y tế được khoa học chứng minh để *giảm thiểu* nguy cơ mắc bệnh nặng và tần suất mắc bệnh, chứ không phải là nguyên nhân gây ra bệnh. Quan điểm của người nói nghiêng về việc phản đối hoặc hoài nghi về lợi ích của việc tiêm chủng, do trải nghiệm tiêu cực (con bị bệnh) mà họ gán cho việc tiêm chủng. Cảm xúc chủ đạo trong văn bản là sự lo lắng, bất an và có phần bi quan về sức khỏe của con mình."
VNLP_V6_0530,"Ghê vậy, có thiệt không hay chỉ muốn dẫn về vắc xin Trung Quốc?",2,2,0,1,"**Reasoning Paragraph (Vietnamese):**

Văn bản này thể hiện sự hoài nghi và nghi ngờ mạnh mẽ của người nói đối với một thông tin y tế nào đó (không được cung cấp trong ngữ cảnh này). Về mặt y học, câu hỏi ""có thiệt không"" cho thấy người nói đang tìm kiếm sự xác thực khoa học của thông tin. Tuy nhiên, việc đặt câu hỏi này ngay lập tức kèm theo cụm từ ""hay chỉ muốn dẫn về vắc xin Trung Quốc?"" cho thấy một sự thiên vị hoặc định kiến sẵn có, ám chỉ rằng thông tin đang được trình bày có thể là một nỗ lực tuyên truyền hoặc cố tình lái dư luận về một chủ đề cụ thể (vắc xin Trung Quốc). Do đó, về mặt nội dung, nó không đưa ra một tuyên bố y khoa cụ thể để đánh giá tính đúng sai, mà là một lời chất vấn mang tính chất nghi ngờ. Về lập trường, người nói đang thể hiện sự hoài nghi và thách thức tính khách quan của nguồn thông tin. Cảm xúc chủ đạo là sự lo lắng, nghi ngờ và có phần đối đầu."
VNLP_V6_0298,MỸ đã cấm tiêm Mũi Viên gan khi trẻ vừa ra  đời và 71 mũi khác điều gi làm nước tiến bộ nhất TG lại dừng tiêm VAC?,1,2,0,0,"Reasoning: The provided text makes a highly inflammatory and medically unsubstantiated claim: that the US has banned the administration of Hepatitis B vaccines to newborns and that advanced nations are stopping the Measles-Mumps-Rubella (MMR/VAC) vaccine. Medically, this is false. Routine vaccination schedules in the US and globally are based on extensive, peer-reviewed scientific evidence demonstrating the safety and efficacy of these vaccines. Hepatitis B vaccination is a standard, critical component of newborn care in the US. Furthermore, there is no evidence of a widespread, coordinated halt to the MMR vaccine in advanced nations; rather, there are ongoing public health efforts to *increase* vaccination rates to combat outbreaks. The speaker's stance is one of strong opposition to established public health recommendations, framing them as dangerous or deliberately stopped by ""advanced nations."" The sentiment is highly negative, characterized by alarmism, distrust, and conspiratorial framing, designed to provoke fear and resistance against vaccination programs."
VNLP_V6_1664,"Lúc đẻ , họ tiêm j vào tuỷ xuống í .
Cái đó mình k tiêm dc k ?

Chẳng biết lúc đi đẻ, sợ họ cứ tiêm tùm lum vào người mình á .
Làm sao, để từ chối tiêm mấy cái đó .
Kể cả nó k phải là vacxin. Chứ tiêm là tui hông chịu đâu ạ .",1,1,0,1,"**Reasoning Paragraph (Vietnamese):**

Văn bản này thể hiện sự lo lắng và nghi ngờ sâu sắc của người nói về các thủ thuật y tế được thực hiện trong quá trình sinh nở, cụ thể là việc tiêm chất vào tủy sống (""tiêm j vào tuỷ xuống í""). Về mặt y khoa, việc tiêm vào tủy sống (ví dụ: tiêm thuốc giảm đau vùng, hoặc các thủ thuật liên quan đến thai kỳ) là một quy trình y tế có chỉ định rõ ràng và cần được thực hiện bởi chuyên gia. Tuy nhiên, người nói lại bày tỏ sự phản đối mạnh mẽ và không muốn chấp nhận bất kỳ sự tiêm chích nào (""Chứ tiêm là tui hông chịu đâu ạ""), ngay cả khi không phải là vắc-xin. Quan điểm này cho thấy sự thiếu hiểu biết về các thủ thuật y tế tiêu chuẩn và thể hiện thái độ cực kỳ hoài nghi, thậm chí là chống đối y tế. Do đó, nội dung này mang tính chất **Thông tin sai lệch (Misinformation)** vì nó phản ánh sự sợ hãi và từ chối các can thiệp y tế cần thiết mà không có cơ sở khoa học vững chắc. Lập trường của người nói là **Phản đối/Từ chối** các can thiệp y tế. Cảm xúc chủ đạo là **Lo lắng/Sợ hãi** (Fear/Anxiety)."
VNLP_V6_1308,"Lục Minh Nghiên Vậy bạn thử hỏi rõ cô giáo, thứ 2 họ đi tiêm là tiêm cho mỗi con bạn thôi, hay còn tiêm cho bé nào ở trường đó nữa ko, bạn càng hỏi được nhiều thông tin cân thiết thì càng dễ dàng hiểu về cách hoạt động làm việc của họ , từ đó bạn càng dễ chuẩn bị và đối phó với họ hơn, nếu bạn ko hỏi kỹ, có thể bạn sẽ rơi vào thế bị động sau này.
Có thể bạn nhận ra bạn đã sai khi cung cấp quá nhiều thông tin cho họ, do đó sau này bạn nên suy nghĩ kỹ việc gì đó: trước khi làm, trong khi làm , sau khi đã làm> xem nó có thể làm hại chính bạn, hay ai đó về sau ko? Cần rút ra bài học.

Chỉ sợ họ tự ý tiêm con bạn thôi, chứ họ có báo trước thì ko việc gì phải lo lắng nhé. Bạn sẽ có thời gian chuẩn bị và đối phó với việc đó, cũng như thời gian để nói chuyện kéo dài hoặc đình chỉ việc làm của họ.

VÀ cũng ko nên nói dối họ bất cứ việc gì, nếu ko thể nói thì dừng lại suy nghĩ thật lâu trước khi nói, hoặc nên im lặng bạn nhé. Vì nếu bạn nói dối mà để họ phát hiện có thể sau họ cũng nói nói lại bạn và làm việc lén lút sau lưng bạn, gây hậu quả ngược lại cho bạn.",2,2,0,1,"**Reasoning Paragraph (Vietnamese):**

Văn bản này thể hiện một sự pha trộn phức tạp giữa lời khuyên về sự thận trọng và một số nhận định mang tính cảnh báo tiêu cực. Về mặt y khoa, nội dung gốc (dù không được cung cấp, nhưng dựa trên ngữ cảnh của lời khuyên) dường như liên quan đến quy trình tiêm chủng hoặc tương tác với nhân viên y tế/trường học. Lời khuyên ban đầu (""hỏi rõ cô giáo, thứ 2 họ đi tiêm là tiêm cho mỗi con bạn thôi, hay còn tiêm cho bé nào ở trường đó nữa ko"") là một lời khuyên hợp lý về việc tìm hiểu thông tin chi tiết về quy trình y tế. Tuy nhiên, giọng điệu và các đoạn sau đó lại chuyển hướng mạnh mẽ sang sự hoài nghi và cảnh giác quá mức. Người nói nhấn mạnh việc ""chuẩn bị và đối phó với họ,"" ám chỉ một mối đe dọa tiềm tàng từ phía người cung cấp dịch vụ y tế. Mặc dù việc thận trọng là cần thiết, việc liên tục cảnh báo về việc ""họ tự ý tiêm con bạn"" và việc cần ""đối phó"" mang tính chất kích động và không dựa trên bằng chứng y tế tiêu chuẩn. Lời khuyên về việc không nói dối là đúng về mặt đạo đức và pháp lý, nhưng việc gán ghép sự lén lút và nguy hiểm cho các cơ quan y tế mà không có cơ sở cụ thể là dấu hiệu của sự hoang mang hoặc thuyết âm mưu. Do đó, mặc dù có yếu tố cảnh báo hợp lý về việc tìm hiểu thông tin, tổng thể văn bản nghiêng về việc gieo rắc sự ngờ vực không cần thiết về các quy trình y tế tiêu chuẩn."
VNLP_V6_1836,Cái hội này giờ người ko tiêm thì ít và ngta cũng bỏ hội đi rồi còn lại là người tiêm và tiêm nhiều ở lại tự sướng thôi,1,2,0,0,"**Reasoning Paragraph (Vietnamese):**

Văn bản này chứa đựng những tuyên bố mang tính chất cực đoan và sai lệch về tình hình tiêm chủng. Về mặt y học, việc khẳng định rằng ""người không tiêm thì ít và ngta cũng bỏ hội đi rồi"" là một sự suy diễn phiến diện và không có cơ sở khoa học. Tỷ lệ tiêm chủng và sự tham gia của cộng đồng phụ thuộc vào nhiều yếu tố phức tạp, không chỉ đơn thuần là sự ""bỏ hội"" của người không tiêm. Quan trọng hơn, câu nói này ngụ ý rằng việc tiêm chủng là một hành động mang tính cá nhân ích kỷ (""ở lại tự sướng thôi""), hoàn toàn bác bỏ nguyên tắc sức khỏe cộng đồng (public health) về miễn dịch cộng đồng (herd immunity). Quan điểm của người nói là cực kỳ tiêu cực và mang tính công kích, nhằm hạ thấp giá trị của việc tiêm chủng và ám chỉ rằng hành động này chỉ mang lại lợi ích cá nhân chứ không phải lợi ích chung. Cảm xúc chủ đạo trong văn bản là sự giễu cợt, mỉa mai và có phần thù địch đối với những người ủng hộ tiêm chủng hoặc những người không đồng tình với quan điểm của người nói."
VNLP_V6_1305,"Mít Mít k tiêm co ổn k v mom, bé e cung gân 2tuoi, tiêm 2mui ơ viện , mà 1mui sởi, e lo qa tính cho con tiêm lại",2,2,0,1,"**Phân tích:**

Văn bản này là một câu hỏi của một phụ huynh (mẹ) đang bày tỏ sự lo lắng về việc tiêm chủng cho con mình. Về mặt y khoa, việc tiêm chủng là một biện pháp phòng ngừa bệnh tật đã được khoa học chứng minh là an toàn và hiệu quả. Tuy nhiên, câu hỏi này không đưa ra một tuyên bố y tế cụ thể mà là một sự bày tỏ sự nghi ngờ/lo lắng (""e lo qa tính cho con tiêm lại""). Người nói đang thể hiện sự thận trọng và có xu hướng muốn tìm kiếm sự xác nhận hoặc lời khuyên. Dựa trên nội dung, không có bằng chứng rõ ràng về thông tin sai lệch (misinformation) được đưa ra; đây là một câu hỏi cần được giải đáp. Giọng điệu của người nói là lo lắng và tìm kiếm sự trấn an."
VNLP_V6_1513,"Mình đã trải nghiệm 3 bé ở nhà , theo kinh nghiệm cá nhân mình thấy là : 
1. Điều tiên quyết đầu tiên là Ba Mẹ, cần có kiến thức và hiểu mình đang làm gì ( dù chọn chích hay ko chích) . Có kiến thức ở đây nghĩa là Đọc nghiên cứu của cả 2 bên, chích thì sao? Ko chích thì sao? 
Vì chích hay ko chích đều có ưu / nhược điểm gì? Thành phần VX ? Chức năng của Vx? Giai đoạn nên tiêm? … … và khi điều gì đó xảy ra> mình hiểu/ tự tin về kiến thức của mình để tiếp tục với qđinh đó và ko ảnh hưởng đến quá trình sau này. 
Vd : mình ko cho con chích , nhưng đến khi con đi học , trường bắt nộp sổ chích thì lo sợ, có dịch bệnh cũng lo sợ ….

2. 2 đứa đầu mình ban đầu nghĩ sẽ ko chích , nhưng khi sinh vào đúng lúc Covid , thời điểm vắc xin hot nhất thì bị ảnh hưởng và quyết định chích cho con
Nhưng mình ko chích dồn dập như lichk của VNVC mà hỏi rõ khung thời gian hiệu quả để kéo dài lịch ra cho con ko bị mệt và cũng dễ theo dõi sự thay đổi của con 
1 bé lại bị viêm da quá nặng ( mình đọc tài liệu nước ngoài thì đó cũng là 1 dạng tác dụng phụ, vì con mình bị loét và viêm da nặng nên tiêm đc 4 lần mình ngưng thì sau đó bé hết mình tiêm lại thì bị lại, và quyết định ko tiêm nữa. 

3. Bé sau này mình chọn tiêm những mũi như Lao và viên gang B, chích vitamin K > sau đó con mình bị vàng da hơn 1 tháng> Bs giải thích là do sữa mẹ > nhưng mình đọc thì đó là tác dụng của chất gì đó trong Vitamin K > quyết định ngưng chích hoàn toàn . 

4. Bản thân mình chích VX  7 mũi HPV từ năm 18 tuổi , chích là do ngoài phòng khám nói nó tốt,   nhưng sau này bị U buồng trứng, K giáp … Mình có đọc thông tin về VX này thì có tỷ lệ bị u buồng trứng, ảnh hưởng nội tiết….

5. Nếu bạn chọn ko chích , thì nên chuẩn bị kiến thức kỹ, để ko bị ảnh hưởng bởi 99% người chọn chích , vì đó là 1 cộng đồng đầy nhiệt huyết và máu lửa> sẵn sàng chửi , đổ lỗi , dập mình tơi tả , tấn công ko kể ngày đêm để mình đồng ý theo quan điêm của họ.",1,2,0,1,
VNLP_V6_0768,Bé e đợt trước bị can sướt vài dấu răng k chảy máu nhưng đã chích đc 4 mũi. Cũng 1nam r. Mà bé bị cắn lại chỉ sướt nhẹ ở tay. K biết có bị j k ak,2,2,0,1,"**Phân tích:**

Văn bản này là một câu hỏi của người dùng về tình trạng sức khỏe của bé sau khi bị cắn nhẹ, trong bối cảnh bé đã được tiêm phòng đầy đủ (4 mũi, 1 năm). Về mặt y khoa, việc bị cắn nhẹ và chỉ sướt nhẹ ở tay là một vết thương da nông. Mặc dù vết cắn có nguy cơ lây nhiễm (ví dụ: vi khuẩn từ miệng), nhưng việc lo lắng quá mức là không cần thiết nếu vết thương được chăm sóc đúng cách. Người dùng đang thể hiện sự lo lắng (sentiment) về nguy cơ tiềm ẩn sau sự cố này. Quan điểm của người nói là tìm kiếm sự trấn an và lời khuyên y tế. Về mặt thông tin, đây không phải là thông tin sai lệch (misinformation) mà là một câu hỏi cần được tư vấn y tế."
VNLP_V6_0966,Lứa tuổi nầy cần tiêm? Nếu nhiễm cũng nhẹ mà? Mong các cháu không sao!,1,2,0,0,"**Reasoning Paragraph (Vietnamese):**

Văn bản này chứa đựng những thông tin y tế sai lệch nghiêm trọng. Về mặt y học, việc phủ nhận tầm quan trọng của việc tiêm chủng (""Nếu nhiễm cũng nhẹ mà?"") là hoàn toàn không chính xác. Các bệnh truyền nhiễm, dù có vẻ nhẹ ở một số trường hợp, vẫn có khả năng gây ra các biến chứng nghiêm trọng, đặc biệt ở trẻ em, bao gồm các vấn đề thần kinh, suy hô hấp, hoặc tử vong. Việc khuyến khích không tiêm chủng dựa trên nhận định ""Mong các cháu không sao!"" thể hiện sự thiếu hiểu biết cơ bản về dịch tễ học và nguy cơ bệnh tật. Quan điểm của người nói là phản đối hoặc nghi ngờ về sự cần thiết của việc tiêm chủng. Cảm xúc được thể hiện là sự nhẹ dạ, thiếu quan tâm đến rủi ro sức khỏe cộng đồng, và có thể là sự hoài nghi hoặc thái độ phủ nhận."
VNLP_V6_0932,"Tiêm vaccine mà sao cần đạt ""chỉ tiêu đề ra""",1,2,0,1,"**Reasoning Paragraph (Vietnamese):**

Văn bản này đặt ra một câu hỏi mang tính chất nghi vấn và có thể bị hiểu sai trong bối cảnh y tế công cộng. Về mặt y học, việc tiêm vắc-xin là một biện pháp y tế đã được khoa học chứng minh là an toàn và hiệu quả trong việc phòng ngừa bệnh tật. Tuy nhiên, cụm từ ""cần đạt 'chỉ tiêu đề ra'"" lại ám chỉ đến các mục tiêu hành chính, chỉ tiêu bao phủ (coverage targets) do các cơ quan y tế đặt ra, chứ không phải là một yêu cầu y khoa bắt buộc để vắc-xin có tác dụng. Việc đặt câu hỏi này có thể bị diễn giải thành sự hoài nghi về tính cần thiết của việc tiêm chủng hoặc về các mục tiêu của chương trình y tế. Quan điểm của người nói (speaker's stance) là chất vấn, thể hiện sự không đồng tình hoặc nghi ngờ về tính hợp lý của việc phải ""đạt chỉ tiêu"" này. Cảm xúc (sentiment) được truyền tải là sự hoài nghi, thách thức hoặc bất mãn. Do câu hỏi này có thể được sử dụng để gieo rắc sự nghi ngờ về các chương trình y tế công cộng, nó có nguy cơ bị xếp vào nhóm thông tin sai lệch (misinformation) nếu nó được dùng để bác bỏ lợi ích của việc tiêm chủng."
VNLP_V6_1432,"Quỳnh Thi: Trước mắt, bạn cứ nói với cha mẹ rằng để bé cứng cáp hơn sẽ cho tiêm, tiêm nhiều một lúc bé mệt... 
Inbox cho mình.",1,0,0,1,"**Reasoning Paragraph (Vietnamese):**

Văn bản này chứa đựng thông tin y tế sai lệch nghiêm trọng và nguy hiểm. Về mặt y học, việc ""tiêm nhiều một lúc bé mệt"" là một cách diễn đạt mơ hồ và có thể ám chỉ việc tiêm quá liều hoặc tiêm quá nhanh, điều này hoàn toàn trái với các hướng dẫn tiêm chủng an toàn và khoa học. Các lịch tiêm chủng được thiết kế cẩn thận bởi các cơ quan y tế chuyên môn để đảm bảo miễn dịch tối ưu với tác dụng phụ tối thiểu. Việc khuyên người khác ""nói với cha mẹ rằng để bé cứng cáp hơn sẽ cho tiêm"" mà không cung cấp thông tin chính xác, kèm theo một lời kêu gọi hành động mơ hồ (""Inbox cho mình""), cho thấy người nói đang cố gắng thúc đẩy một hành vi y tế mà không có cơ sở khoa học vững chắc, có khả năng là một hình thức tuyên truyền hoặc thông tin sai lệch về tiêm chủng. Quan điểm của người nói là ủng hộ việc tiêm chủng (dựa trên cụm từ ""để bé cứng cáp hơn sẽ cho tiêm""), nhưng cách diễn đạt lại cực kỳ thiếu chuyên nghiệp và có thể dẫn đến việc thực hiện các quy trình tiêm chủng không đúng chuẩn. Cảm xúc chung của văn bản mang tính thúc giục, có vẻ như là một lời kêu gọi hành động mang tính cá nhân hóa, nhưng do nội dung y tế không đáng tin cậy, nó mang tính chất gây hiểu lầm."
VNLP_V6_0670,"T bị nóng dưới da sau gáy sau đó nóng lan xuống phần vai, ngực ....sau khi chích vác xin tới mũi thứ tư thì sau gáy lại xuống hiện nóng sau gáy và rất mỏi cổ , chích mũi thứ 5 dc ba ngày lại bớt nóng và triệu chứng mỏi cổ cũng giảm ... Xin hỏi là nóng và rất mỏi cổ đó có phải là triệu chứng của bệnh dại ko và sau khi chích hết mũi rồi khoảng 15 ngày sau lại xuất hiện triệu chứng nóng và mỏi cổ thì t nên làm gì tiếp ạ ?",2,2,0,1,"**Phân tích:**

Văn bản này là một câu hỏi của người dùng về các triệu chứng (nóng dưới da sau gáy lan xuống vai, ngực, mỏi cổ) xuất hiện sau khi tiêm vắc-xin (đến mũi thứ tư và sau đó là mũi thứ năm). Người dùng đang lo lắng và muốn biết liệu các triệu chứng này có phải là dấu hiệu của bệnh dại hay không, đồng thời xin lời khuyên về việc xử lý nếu triệu chứng tái phát sau 15 ngày. Về mặt y khoa, các phản ứng nhẹ như đau nhức, mệt mỏi, hoặc cảm giác nóng rát tại chỗ tiêm hoặc lan tỏa nhẹ sau khi tiêm vắc-xin là các phản ứng phụ thường gặp và thường không phải là dấu hiệu của bệnh dại (trừ khi có các triệu chứng thần kinh nghiêm trọng khác). Tuy nhiên, việc tự chẩn đoán là nguy hiểm. Người nói đang thể hiện sự lo lắng và tìm kiếm sự trấn an/hướng dẫn y tế chuyên nghiệp. Vì người dùng đang hỏi về các triệu chứng sau tiêm chủng và lo lắng về bệnh truyền nhiễm (dại), đây là một trường hợp cần được tư vấn y tế chính xác, không phải là thông tin sai lệch (misinformation) mà là một câu hỏi y tế cần được giải đáp."
VNLP_V6_1531,"Thuỳ Dung bị sởi biến chứng vì ko tiêm vacxin sởi mấy em bé đã tử vong, thế dùng cái gì tự nhiên để đẩy lùi bệnh sởi vậy chị",1,2,0,1,"**Reasoning Paragraph (Vietnamese):**

Văn bản này chứa đựng một sự pha trộn phức tạp giữa thông tin y tế và một câu hỏi mang tính thách thức. Về mặt y học, khẳng định ""Thuỳ Dung bị sởi biến chứng vì không tiêm vắc xin sởi"" là một tuyên bố có cơ sở khoa học vững chắc, vì vắc xin là biện pháp phòng ngừa hiệu quả nhất đối với bệnh sởi. Tuy nhiên, câu hỏi tiếp theo (""thế dùng cái gì tự nhiên để đẩy lùi bệnh sởi vậy chị"") thể hiện sự hoài nghi hoặc tìm kiếm các giải pháp thay thế tự nhiên, điều này có thể dẫn đến việc tìm kiếm thông tin sai lệch (misinformation) nếu không được giải đáp đúng cách. Quan điểm của người nói là mang tính chất chất vấn và nghi ngờ về các phương pháp y tế hiện tại (vắc xin), mặc dù họ đã thừa nhận mối nguy hiểm của bệnh sởi. Cảm xúc chủ đạo trong câu hỏi là sự lo lắng, bất an, hoặc sự phản kháng đối với việc tiêm chủng, được thể hiện qua giọng điệu chất vấn mạnh mẽ."
VNLP_V6_1793,"Cảnh Nguyễn Huy: Đợt covid ko tiêm ko đc đi làm nên mình mới tiêm. Mình có cơ hôi tiêm Pfizer và Moderna nhưng ko tiêm vì đó là vc sử dụng công nghệ mới nên mình sự rủi ro cao, mình đã tiêm Astra.",2,1,0,1,"**Reasoning Paragraph (Vietnamese):**

Văn bản này chứa đựng những thông tin mang tính chất nguy hiểm và sai lệch về mặt y khoa. Về mặt sự thật y tế, việc bác bỏ vắc-xin dựa trên lo ngại về ""công nghệ mới"" và cho rằng nó mang ""rủi ro cao"" là một luận điểm sai lầm và nguy hiểm. Các loại vắc-xin như Pfizer và Moderna đã trải qua các thử nghiệm lâm sàng quy mô lớn và được các cơ quan y tế toàn cầu (như WHO, FDA) phê duyệt dựa trên bằng chứng khoa học vững chắc về tính an toàn và hiệu quả trong việc phòng ngừa COVID-19. Việc lựa chọn vắc-xin Astra (thường là AstraZeneca) không tự động loại trừ các lợi ích của các công nghệ khác; tất cả các vắc-xin được cấp phép đều có hồ sơ an toàn được giám sát chặt chẽ. Quan điểm của người nói thể hiện sự hoài nghi cực đoan và có tính chất chống đối với các phương pháp y tế được khoa học chứng minh. Cảm xúc chủ đạo trong văn bản là sự e dè, lo lắng (dù được diễn đạt thành sự từ chối) và có thể là sự phản kháng đối với các khuyến nghị y tế chính thống."
VNLP_V6_0618,Chỗ nào có dịch thì tiêm chỗ k có tiêm làm rì . mà tiêm miễn phí chắc mình cũng từ chối..😂,1,2,0,0,"**Reasoning Paragraph (Vietnamese):**

Văn bản này thể hiện một quan điểm cực kỳ nguy hiểm và sai lệch về y tế công cộng. Về mặt y học, việc từ chối tiêm chủng, đặc biệt là trong bối cảnh có dịch bệnh, là hành vi đi ngược lại với các khuyến nghị khoa học và y tế toàn cầu. Tiêm chủng là biện pháp phòng ngừa đã được chứng minh hiệu quả để ngăn chặn sự lây lan của mầm bệnh và bảo vệ sức khỏe cộng đồng (miễn dịch cộng đồng). Quan điểm của người nói (""Chỗ nào có dịch thì tiêm chỗ k có tiêm làm rì. mà tiêm miễn phí chắc mình cũng từ chối..😂"") cho thấy sự hoài nghi, phủ nhận vai trò của tiêm chủng, và có thể là sự ác cảm hoặc thái độ trêu chọc đối với các chương trình y tế công cộng. Giọng điệu sử dụng biểu tượng cảm xúc (😂) càng làm tăng tính mỉa mai và thiếu nghiêm túc của thông điệp. Do đó, nội dung này rõ ràng là thông tin sai lệch (Misinformation) và thể hiện thái độ phản đối mạnh mẽ (Negative Stance) với các biện pháp phòng ngừa y tế."
VNLP_V6_0927,"Chuyện không phải bắt người dân ký cam kết chịu trách nhiệm khi không tiêm mũi 3 hoặc 4, các cqcn cần đưa ra những chứng cứ nghiên cứu và thống kê về hiệu quả và hậu quả của việc tiêm mũi 3 hoặc 4 để người dân tin tưởng đăng ký tự nguyện đi tiêm.",2,2,0,1,"**Phân tích:**

Văn bản này đưa ra một yêu cầu về mặt quy trình và minh bạch trong y tế công cộng. Về mặt y khoa, việc khuyến khích người dân tự nguyện tiêm chủng là nguyên tắc cơ bản, nhưng việc yêu cầu các cơ quan chức năng (cqcn) phải cung cấp ""chứng cứ nghiên cứu và thống kê về hiệu quả và hậu quả"" của các mũi tiêm (mũi 3 hoặc 4) là một yêu cầu hợp lý nhằm thúc đẩy sự đồng thuận dựa trên bằng chứng (evidence-based decision-making). Tuy nhiên, cách diễn đạt này có thể bị hiểu sai thành sự nghi ngờ về tính an toàn của vắc-xin. Trong bối cảnh truyền thông, việc nhấn mạnh vào ""hậu quả"" của việc tiêm có thể bị diễn giải sai thành việc phủ nhận lợi ích của vắc-xin. Quan điểm của người nói là yêu cầu sự minh bạch và bằng chứng khoa học trước khi thực hiện các biện pháp cưỡng chế (như bắt ký cam kết). Cảm xúc chung của văn bản là thận trọng, đòi hỏi sự minh bạch và dựa trên dữ liệu, chứ không phải là sự hoài nghi tuyệt đối về khoa học."
VNLP_V6_0586,Lấy cơ sở nào để xác định là tiêm sẽ không mắc bệnh và không lây cho người khác? Lấy cơ sở nào để xác định là dịch bệnh lây lan từ người không tiêm? Mấy ông mở cửa đón người nước ngoài vào làm lây lan dịch bệnh vậy mấy ông có bị xử lý không?,1,2,0,1,"**Reasoning Paragraph (Vietnamese):**

Văn bản này thể hiện một lập trường cực kỳ hoài nghi và mang tính chất phủ nhận các cơ sở khoa học về tiêm chủng và sự lây lan của dịch bệnh. Về mặt y học, các tuyên bố này là hoàn toàn sai lệch và nguy hiểm. Khoa học y tế đã chứng minh qua hàng thập kỷ rằng vắc-xin hoạt động bằng cách kích thích hệ miễn dịch để tạo ra khả năng phòng ngừa bệnh tật và ngăn chặn sự lây truyền của mầm bệnh. Việc đặt câu hỏi về ""cơ sở"" của khoa học mà không có kiến thức nền tảng vững chắc là một dấu hiệu của sự thiếu hiểu biết hoặc cố ý xuyên tạc thông tin. Lập trường của người nói là bác bỏ hoàn toàn tính hiệu quả của tiêm chủng và đổ lỗi cho các chính sách nhập cư hoặc các yếu tố bên ngoài khác để giải thích sự lây lan của dịch bệnh. Cảm xúc chủ đạo trong văn bản là sự giận dữ, thách thức và hoài nghi cực đoan, được thể hiện qua các câu hỏi tu từ mang tính công kích và cáo buộc."
VNLP_V6_0943,Báo họ ghi đúng mà Nhưng tỉ lệ tiêm đang thấp mà đã sốc thì cũng khá là suy nghĩ,1,2,0,1,"**Reasoning Paragraph (Vietnamese):**

Văn bản này thể hiện một sự hoài nghi hoặc lo lắng về tình hình tiêm chủng, mặc dù người nói thừa nhận rằng các báo cáo (có thể là về các sự kiện sức khỏe hoặc tỷ lệ tiêm) là đúng sự thật (""Báo họ ghi đúng mà""). Tuy nhiên, trọng tâm của người nói là việc tỷ lệ tiêm chủng đang thấp (""Nhưng tỉ lệ tiêm đang thấp mà""). Cụm từ ""đã sốc thì cũng khá là suy nghĩ"" cho thấy người nói đang ở trong trạng thái cân nhắc, có thể là do lo ngại về những tác động tiềm tàng của việc tỷ lệ tiêm thấp, hoặc đang phản ứng với một thông tin gây sốc nào đó liên quan đến sức khỏe cộng đồng. Về mặt y khoa, việc tỷ lệ tiêm chủng thấp là một vấn đề sức khỏe cộng đồng nghiêm trọng, vì nó làm tăng nguy cơ bùng phát các bệnh truyền nhiễm. Quan điểm của người nói là mang tính cảnh báo hoặc thận trọng, không hoàn toàn bác bỏ thông tin nhưng nhấn mạnh vào một rủi ro hiện hữu. Cảm xúc chủ đạo là sự lo lắng, thận trọng, hoặc bất an."
VNLP_V6_0533,Mình tiêm mũi 2 đc 1 tháng 10 ngày rùi mà cơ thể cứ mệt mệt chống mặt chán ăn nhất là vào ban đêm còn khó thở k biết có vấn đề j k nữa có ai giống vậy k tư vấn giúp voi,2,2,0,1,"**Phân tích:**

Văn bản này là một câu hỏi của người dùng bày tỏ sự lo lắng về các triệu chứng sau khi tiêm mũi vaccine (mũi 2), cụ thể là cảm giác mệt mỏi, chán ăn (đặc biệt vào ban đêm), và khó thở. Về mặt y khoa, các phản ứng phụ nhẹ như mệt mỏi là có thể xảy ra sau tiêm chủng, nhưng các triệu chứng như khó thở cần được đánh giá nghiêm túc. Người nói đang ở trong trạng thái lo lắng và tìm kiếm sự xác nhận hoặc lời khuyên từ cộng đồng. Quan trọng là, văn bản này không đưa ra một tuyên bố y tế sai lệch mà là một lời kêu gọi tư vấn về các triệu chứng cá nhân. Do đó, nó không phải là thông tin sai lệch (Misinformation). Quan điểm của người nói là tìm kiếm sự hỗ trợ và thông tin (Seeking Advice). Cảm xúc chủ đạo là lo lắng (Anxious/Worried)."
VNLP_V6_1499,Ju Mi bv Từ Dũ vô làm giấy xn ko tiêm dc nhé,1,2,0,1,"**Reasoning Paragraph (Vietnamese):**

Văn bản này mang tính chất cảnh báo hoặc thông báo về một vấn đề liên quan đến việc tiêm chủng tại Bệnh viện Từ Dũ. Về mặt y khoa, câu nói ""Ju Mi bv Từ Dũ vô làm giấy xn ko tiêm dc nhé"" (có thể hiểu là: ""Nếu bạn đến Bệnh viện Từ Dũ để làm giấy tờ/thủ tục thì không thể tiêm được"") là một thông tin cần được xác minh nghiêm ngặt. Nếu đây là một thông báo chính thức, nó có thể ám chỉ rằng quy trình hành chính (làm giấy tờ) và quy trình y tế (tiêm chủng) đang bị tách biệt hoặc có sự gián đoạn nào đó tại thời điểm nói. Tuy nhiên, nếu đây là một lời đồn đại hoặc hiểu sai, nó có thể là thông tin sai lệch. Về lập trường của người nói, họ đang đưa ra một lời khuyên hoặc cảnh báo cụ thể về một tình huống tại cơ sở y tế. Cảm xúc của người nói có vẻ là sự thận trọng, cảnh báo hoặc thông báo mang tính chất thực tế, không mang tính chất kích động hay tiêu cực quá mức, nhưng nó lại chứa đựng một thông tin có thể gây nhầm lẫn nếu không có ngữ cảnh rõ ràng."
VNLP_V6_0610,Chẳng có gì một là sống hai chết mà chết thì cũng đã chết... quá nhiều rồi... tại sao không phải một mũi mà phải 2 hoặc thậm chí 3 mũi...,1,2,0,0,"**Reasoning Paragraph (Vietnamese):**

Văn bản này thể hiện một quan điểm cực kỳ nguy hiểm và sai lệch về y học, đặc biệt liên quan đến việc tiêm chủng. Về mặt y học, khẳng định ""Chẳng có gì một là sống hai chết"" là hoàn toàn sai lầm và phi khoa học. Các vắc-xin được thiết kế dựa trên các thử nghiệm lâm sàng nghiêm ngặt để đảm bảo hiệu quả cao nhất với mức độ an toàn tối đa. Việc nghi ngờ về số lượng mũi tiêm (một, hai, hay ba) mà không có cơ sở khoa học vững chắc là biểu hiện của sự hoài nghi cực đoan hoặc thông tin sai lệch (misinformation). Quan điểm của người nói là phủ nhận tính hiệu quả hoặc an toàn của việc tiêm chủng theo phác đồ chuẩn, ngụ ý rằng việc tiêm nhiều mũi là không cần thiết hoặc nguy hiểm. Cảm xúc được thể hiện trong văn bản là sự bất mãn, lo lắng hoặc hoài nghi mạnh mẽ, được thể hiện qua các từ ngữ mang tính chất tuyệt vọng (""quá nhiều rồi..."") và câu hỏi tu từ mang tính chất phản đối."
VNLP_V6_1235,Tui quyết định không tiêm nè,1,1,0,1,"**Reasoning Paragraph (Vietnamese):**

Văn bản này thể hiện một quyết định cá nhân là từ chối tiêm chủng. Về mặt y khoa, việc từ chối tiêm chủng là một hành vi có thể dẫn đến nguy cơ sức khỏe cộng đồng và cá nhân, vì vắc-xin là công cụ đã được khoa học chứng minh là hiệu quả trong việc phòng ngừa các bệnh truyền nhiễm nguy hiểm. Quan điểm của người nói (speaker's stance) là phản đối hoặc không ủng hộ việc tiêm chủng. Cảm xúc (sentiment) được thể hiện là sự quyết đoán, dứt khoát, nhưng không cung cấp thêm ngữ cảnh về lý do đằng sau quyết định này (ví dụ: lo lắng, niềm tin cá nhân, hoặc thông tin sai lệch). Do không có bất kỳ bằng chứng khoa học nào được đưa ra để biện minh cho quyết định này, và việc từ chối tiêm chủng đi ngược lại các khuyến nghị y tế dựa trên bằng chứng, nên nội dung này được phân loại là thông tin sai lệch (Misinformation) trong bối cảnh y tế công cộng."
VNLP_V6_1543,"M cũng bị gọi. Ban đầu nói tiêm dv r, xong họ ktra kêu k thấy ấy. R m mới nói luôn cảm ơn đã quan tâm nhắc nhở nhưng m k tiêm cho con. Sau đó ngta k gọi nữa.",1,2,0,0,"**Reasoning Paragraph (Vietnamese):**

Văn bản này mô tả một trải nghiệm cá nhân liên quan đến việc tiêm chủng. Về mặt y khoa, nội dung không cung cấp đủ thông tin để xác định tính đúng sai của các tuyên bố (ví dụ: ""kêu k thấy ấy"" - không thấy gì), nhưng nó phản ánh một sự không nhất quán hoặc một sự thay đổi trong quy trình y tế (ban đầu nói tiêm, sau đó lại không thấy). Quan trọng hơn, người nói đã đưa ra một quyết định cá nhân là ""m k tiêm cho con"" và bày tỏ sự từ chối sự can thiệp tiếp theo của cơ quan y tế (""cảm ơn đã quan tâm nhắc nhở nhưng m k tiêm cho con""). Quan điểm của người nói là phản đối hoặc không đồng ý với việc tiêm chủng tại thời điểm đó, và cảm xúc được thể hiện là sự dứt khoát, có phần tiêu cực hoặc thờ ơ đối với lời nhắc nhở y tế. Do người nói chủ động từ chối hành động y tế được khuyến nghị, và không có bằng chứng y khoa nào được đưa ra để chứng minh sự nguy hiểm của việc tiêm chủng, nội dung này nghiêng về việc thể hiện sự phản đối cá nhân hơn là thông tin sai lệch y khoa có chủ đích, nhưng nó vẫn là một tuyên bố mang tính chất bác bỏ khuyến nghị y tế."
VNLP_V6_1645,Tiêm ngừa là ko bắt buộc sao phải kiểm soát người ta,1,2,0,1,"**Reasoning Paragraph (Vietnamese):**

Văn bản này thể hiện một quan điểm phản đối việc tiêm chủng, ngụ ý rằng việc tiêm ngừa là không bắt buộc và đặt câu hỏi mang tính thách thức về sự can thiệp của chính phủ (""sao phải kiểm soát người ta""). Về mặt y khoa, tuyên bố này là **sai lệch (Misinformation)** nghiêm trọng. Tiêm chủng là một biện pháp y tế công cộng được khoa học chứng minh là cần thiết để ngăn ngừa các bệnh truyền nhiễm nguy hiểm (như sởi, cúm, COVID-19), và mặc dù việc tiêm chủng cá nhân có thể có các quy định khác nhau tùy theo quốc gia và tình huống (ví dụ: bắt buộc trong trường học), nhưng về mặt y tế cộng đồng, nó là một hành động được khuyến nghị mạnh mẽ và thường được yêu cầu để đạt được miễn dịch cộng đồng. Quan điểm của người nói thể hiện sự **chống đối (Oppositional)** đối với các chính sách y tế công cộng. Cảm xúc được truyền tải là sự **hoài nghi/bất mãn (Skeptical/Dissatisfied)**, thể hiện qua giọng điệu chất vấn và phản kháng."
VNLP_V6_1508,"Vi Thanh thế đi mà tiêm. Rảnh vãi đái à mà nhảy vào đây. Ngày xưa bà mày, mẹ mày chả tự đẻ ở nhà, ở trạm y tế, có khi còn đẻ bờ ruộng ấy. Cứ ngứa mồm",0,1,0,1,"Reasoning: The provided text is highly inflammatory, aggressive, and contains deeply offensive language. Medically, the statement ""Vi Thanh thế đi mà tiêm"" (Go get vaccinated) is a direct endorsement of vaccination, which is scientifically supported as a crucial public health measure. However, the surrounding context—the aggressive tone, the personal attacks (""Rảnh vãi đái à mà nhảy vào đây,"" ""Cứ ngứa mồm""), and the deliberately provocative historical comparison regarding childbirth—completely overrides any potential medical truth in the delivery. The speaker's stance is vehemently *anti-vaccination* or at least strongly *anti-public health messaging*, despite the initial command. The sentiment is overwhelmingly *hostile* and *aggressive*. Therefore, the text constitutes misinformation because it uses abusive language and personal attacks to undermine a public health recommendation, even if the initial phrase suggests the opposite."
VNLP_V6_1577,Thực ra dưới 2 tuổi đứa nào cũng phải vặt vặt. Nhưng quan trọng là bạn học về dinh dưỡng cho con và các phương pháp chữa bệnh tự nhiên sẽ ok hơn nhé chứ đừng có tiêm lại. Thà ốm vặt còn hơn tự kỷ hoặc tăng động nha bạn nhớ điều đó. Nếu cần tư vấn gì thêm thì nhắn mình,1,1,0,1,"Reasoning: The provided text contains severe medical misinformation and promotes dangerous health practices. The statement ""Thực ra dưới 2 tuổi đứa nào cũng phải vặt vặt"" (In reality, every child under 2 must catch minor illnesses) is a generalization that ignores the importance of preventative care and proper immune system development. The core danger lies in the subsequent advice: ""nhưng quan trọng là bạn học về dinh dưỡng cho con và các phương pháp chữa bệnh tự nhiên sẽ ok hơn nhé chứ đừng có tiêm lại"" (But what's important is you learn about nutrition for your child and natural healing methods will be better than getting vaccinated). This explicitly advises against vaccination (""đừng có tiêm lại""), which is a direct contradiction of established, evidence-based public health science. Furthermore, the claim ""Thà ốm vặt còn hơn tự kỷ hoặc tăng động nha bạn nhớ điều đó"" (It's better to catch minor illnesses than autism or hyperactivity, remember that) is a classic example of vaccine misinformation, falsely linking vaccines to serious developmental disorders. The speaker's stance is strongly anti-vaccination and pro-alternative/natural remedies, while the sentiment is alarmist and conspiratorial, using fear-mongering tactics to persuade the audience."
VNLP_V6_1797,"Phú Như Đỗừm. Mấy cái xơ gan, ung thư gan do HPV vì không tiêm. Kệ mẹ đi. Sống tới 30 tuổi mới bị. Lo gì",1,2,0,0,"Reasoning: The provided text contains extremely dangerous and medically false claims. The speaker asserts that liver cirrhosis and liver cancer are caused by not getting vaccinated against HPV, and then dismisses these risks with the phrase ""Kệ mẹ đi"" (Screw it/Don't care) and ""Sống tới 30 tuổi mới bị. Lo gì"" (You'll live until 30 and worry about it). Medically, HPV vaccination is a crucial preventative measure against certain cancers, including those related to the liver (though the primary link is often to cervical, anal, and oropharyngeal cancers, HPV is a known risk factor for various cancers, and vaccination is key to prevention). The statement directly contradicts established public health science, presenting a clear case of medical misinformation. The speaker's stance is one of extreme denial and promotion of harmful behavior (refusal to vaccinate). The sentiment is highly aggressive, dismissive, and hostile."
VNLP_V6_1845,Nguyễn Cẩm Vân-Order vậy bạn thích ăn gà thả vườn hay thích ăn gà công nghiệp chích vx không thiếu mũi nào,1,2,0,2,"**Phân tích:**

Văn bản này là một câu hỏi mở, mang tính chất gợi mở và thân mật, không chứa bất kỳ thông tin y tế cụ thể nào cần được đánh giá về mặt ""sự thật y khoa"" (medical truth). Về mặt nội dung, nó đang so sánh hai loại gà: ""gà thả vườn"" và ""gà công nghiệp chích vx không thiếu mũi nào"". Việc so sánh này ngụ ý về sự khác biệt về chất lượng, phương pháp nuôi dưỡng, hoặc có thể là về mặt sức khỏe (ví dụ: dư lượng kháng sinh, mức độ tự nhiên). Tuy nhiên, câu hỏi này không đưa ra bất kỳ khẳng định nào, mà chỉ là một lời mời gọi ý kiến cá nhân. Do đó, không thể xác định đây là thông tin sai lệch (misinformation) hay đúng sự thật (truth) trong bối cảnh y tế. Về lập trường (stance), người nói đang thể hiện sự quan tâm đến sở thích của người nghe và đang tìm kiếm sự tương tác, không phải là đưa ra một tuyên bố mang tính chuyên môn. Về cảm xúc (sentiment), giọng điệu rất thân thiện, gần gũi và mang tính chất trò chuyện (conversational)."
VNLP_V6_1193,Hỏi nó. Tiêm xong bị gì có ai nuôi hông,1,2,0,1,"**Reasoning Paragraph (Vietnamese):**

Văn bản này thể hiện một câu hỏi mang tính chất nghi ngờ và lo lắng về tác dụng phụ sau khi tiêm chủng. Về mặt y khoa, câu hỏi này là một biểu hiện của sự thiếu thông tin hoặc sự lo ngại chưa được giải quyết. Các cơ quan y tế công cộng luôn khuyến cáo rằng việc tiêm chủng là an toàn và hiệu quả, và các tác dụng phụ nghiêm trọng là cực kỳ hiếm gặp. Tuy nhiên, câu hỏi này không đưa ra bất kỳ thông tin y khoa nào mà chỉ là một lời kêu gọi tìm kiếm kinh nghiệm cá nhân (""có ai nuôi hông""), điều này có thể dẫn đến việc lan truyền thông tin không chính xác (misinformation) nếu người trả lời chỉ dựa trên kinh nghiệm cá nhân mà không có cơ sở khoa học. Quan điểm của người nói là hoài nghi hoặc tìm kiếm sự xác nhận từ cộng đồng về những rủi ro tiềm ẩn. Cảm xúc chủ đạo trong văn bản là sự lo lắng, nghi ngờ, hoặc sợ hãi (fear/anxiety)."
VNLP_V6_0527,"Em tiêm mũi 2 đau ngực đi bệnh viện nằm mất 4 ngày về đỡ 10 hôm, xong lại vẫn thấy đau nhưng nhẹ hơn trước. Nói chung không khỏi được chỉ đỡ thôi",1,2,0,0,"**Reasoning Paragraph (Vietnamese):**

Văn bản này thể hiện một trải nghiệm cá nhân tiêu cực liên quan đến việc tiêm mũi 2 (có thể là vắc-xin hoặc một loại thuốc nào đó) và các triệu chứng đau ngực kéo dài. Về mặt y khoa, việc đau ngực sau tiêm chủng là một phản ứng cần được đánh giá cẩn thận; mặc dù các tác dụng phụ nhẹ như đau tại chỗ là phổ biến, nhưng đau ngực kéo dài và không thuyên giảm hoàn toàn sau một thời gian điều trị (4 ngày nằm viện, 10 ngày theo dõi) là một dấu hiệu đáng báo động và cần được bác sĩ chuyên khoa đánh giá sâu hơn để loại trừ các biến chứng nghiêm trọng. Quan điểm của người nói là hoài nghi và bi quan về hiệu quả điều trị, vì họ cho rằng tình trạng chỉ ""đỡ"" chứ không ""khỏi"". Cảm xúc chủ đạo trong văn bản là sự thất vọng, lo lắng và bất mãn với kết quả điều trị hiện tại. Do người nói đang trình bày một trải nghiệm cá nhân không được xác nhận bởi bằng chứng khoa học tổng quát và có dấu hiệu của sự không hài lòng về kết quả y tế, nó nghiêng về phía thông tin không chính xác hoặc thiếu cơ sở khoa học vững chắc khi được trình bày như một kết luận chung."
VNLP_V6_0988,để gia đình tụi mày tiêm đi,1,0,0,1,"**Reasoning Paragraph (Vietnamese):**

Văn bản này là một lời kêu gọi hành động rất trực tiếp và mạnh mẽ. Về mặt y khoa, lời kêu gọi ""tiêm đi"" (ám chỉ tiêm phòng) là một khuyến nghị y tế cơ bản và đúng đắn, vì tiêm chủng là biện pháp phòng ngừa bệnh tật hiệu quả đã được khoa học chứng minh. Quan điểm của người nói là ủng hộ mạnh mẽ việc tiêm chủng, thể hiện qua tính chất mệnh lệnh và sự thúc giục. Cảm xúc được truyền tải là sự nhiệt tình, khẩn thiết, và có phần gay gắt (do cách dùng từ ""tụi mày""), nhưng mục đích cuối cùng là tích cực và hướng đến sức khỏe cộng đồng. Do nội dung khuyến khích hành vi y tế tích cực, nó không phải là thông tin sai lệch."
VNLP_V6_0583,Tiêm vào bị bệnh và lây lan dịch bệnh thì phường đó có chịu trách nhiệm không?,1,2,0,0,"**Phân tích:**

Văn bản này đặt ra một câu hỏi mang tính chất thách thức và hoài nghi cực đoan về tính an toàn của việc tiêm chủng, ngụ ý rằng việc tiêm chủng có thể gây ra bệnh tật và lây lan dịch bệnh. Về mặt y học, đây là một tuyên bố hoàn toàn sai sự thật và là một dạng thông tin sai lệch (misinformation/disinformation). Các cơ quan y tế toàn cầu và các nghiên cứu khoa học đã chứng minh rằng vắc-xin là công cụ hiệu quả nhất để ngăn ngừa bệnh tật và kiểm soát dịch bệnh. Việc đặt câu hỏi này không dựa trên bằng chứng khoa học mà dựa trên sự sợ hãi hoặc thông tin sai lệch. Quan điểm của người nói là phủ nhận hoặc nghi ngờ nghiêm trọng về tính hiệu quả và sự an toàn của tiêm chủng. Cảm xúc được thể hiện trong câu hỏi là sự hoài nghi, lo lắng, hoặc có thể là sự phản đối mạnh mẽ đối với các chương trình y tế công cộng."
VNLP_V6_0600,Tiêm rồi cũng bị nhiễm sao ko trịu trách nhiệm,1,2,0,0,"**Reasoning Paragraph (Vietnamese):**

Văn bản này thể hiện một quan điểm cực kỳ tiêu cực và mang tính chất phủ nhận khoa học y tế. Về mặt y học, câu nói ""Tiêm rồi cũng bị nhiễm sao ko trịu trách nhiệm"" là hoàn toàn sai lầm và nguy hiểm. Việc tiêm vắc-xin được thiết kế để kích thích hệ miễn dịch chống lại mầm bệnh, chứ không phải để gây ra nhiễm trùng. Các tác dụng phụ sau tiêm (nếu có) thường là phản ứng miễn dịch nhẹ, không phải là sự nhiễm bệnh do vắc-xin. Quan điểm của người nói là đổ lỗi cho cơ quan y tế hoặc nhà sản xuất vắc-xin (""ko trịu trách nhiệm"") khi xảy ra các vấn đề sức khỏe, ngụ ý rằng vắc-xin là nguyên nhân gây bệnh. Giọng điệu của người nói là giận dữ, hoài nghi, và mang tính chất công kích, thể hiện sự mất lòng tin sâu sắc vào các chương trình y tế công cộng. Do đó, nội dung này cấu thành một tuyên bố sai lệch về tính an toàn và hiệu quả của vắc-xin."
VNLP_V6_1689,Mình không muốn tiêm cho con ck mình lại muốn tiêm cho con mà không chịu tìm hiểu,1,2,0,1,"**Phân tích:**

Văn bản này thể hiện sự mâu thuẫn và có thể chứa đựng sự thiếu hiểu biết về vấn đề y tế. Về mặt y khoa, việc tiêm chủng là một hành động được khoa học chứng minh là cần thiết để phòng ngừa bệnh tật cho trẻ em. Tuy nhiên, câu nói ""Mình không muốn tiêm cho con ck mình lại muốn tiêm cho con mà không chịu tìm hiểu"" cho thấy người nói đang thể hiện sự lưỡng lự, có thể do bị ảnh hưởng bởi thông tin sai lệch hoặc do sự thiếu kiến thức về lợi ích và rủi ro của việc tiêm chủng. Quan điểm của người nói là không rõ ràng, họ đang thể hiện sự phản đối hoặc do dự đối với việc tiêm chủng, đồng thời chỉ trích người khác vì ""không chịu tìm hiểu"". Cảm xúc chủ đạo trong câu nói là sự bối rối, nghi ngờ hoặc có thể là sự phản kháng nhẹ nhàng đối với việc tiêm chủng mà không có cơ sở khoa học vững chắc. Do sự mâu thuẫn và việc ám chỉ đến việc thiếu tìm hiểu, nội dung này có nguy cơ bị coi là thông tin chưa được kiểm chứng hoặc mang tính chất phản đối y tế."
VNLP_V6_0519,Từ trươc đây chỉ cần tiêm vaccine 1 liều. Trươc khi Dịch bệnh xảy ra..như vậy la Co thể có đủ kháng thể để chống lại virus..Bởi Dịch bệnh thuộc về mùa của năm..Nhưng giờ đây Dịch bệnh kéo dài chưa biết đến bao giờ..Vì vậy sẽ tiêm vaccine đến bao nhiêu lẫn nữa..va như vậy sẽ làm cho cơ thể mất đi khả năng đề kháng tự nhiên..Ơ Đức như vậy la Chủ Tịch nước. Va 2 Thủ tướng Đức đếu đa tiêm vaccine từ 2 -3 mũi..Nhưng vẫn bị nhiễm dịch bệnh..Vì vậy van đề tiêm vaccine hiện nay la không đạt được mục đích..Mà cần phải chống được biến đổi khí hậu..như vậy chúng ta sẽ chấm dứt Dịch bệnh nhanh chóng,1,2,0,0,"**Reasoning Paragraph (Vietnamese):**

Văn bản này chứa đựng nhiều luận điểm sai lệch nghiêm trọng về mặt y học và khoa học. Về mặt y học, việc khẳng định rằng chỉ cần tiêm một liều vaccine là đủ để có đủ kháng thể chống lại virus là không chính xác, đặc biệt khi dịch bệnh kéo dài và có các biến thể mới. Các chương trình tiêm chủng hiện đại thường yêu cầu nhiều liều (và các liều tăng cường) để tạo ra phản ứng miễn dịch bền vững và bảo vệ tối ưu. Quan điểm cho rằng việc tiêm nhiều mũi sẽ làm cơ thể mất khả năng đề kháng tự nhiên là một thuyết âm mưu y tế không có cơ sở khoa học; ngược lại, vaccine được thiết kế để *tăng cường* khả năng miễn dịch mà không làm suy yếu hệ miễn dịch tự nhiên. Ngoài ra, việc đưa ra các ví dụ về các nhà lãnh đạo (Chủ tịch và Thủ tướng Đức) bị nhiễm bệnh sau khi tiêm chủng là một sự xuyên tạc thông tin, vì việc nhiễm bệnh sau tiêm chủng không đồng nghĩa với việc vaccine không hiệu quả, và tỷ lệ mắc bệnh vẫn thấp hơn nhiều so với tỷ lệ tử vong do bệnh. Cuối cùng, việc chuyển hướng vấn đề sang ""chống biến đổi khí hậu"" như một giải pháp thay thế cho việc tiêm chủng là một sự đánh lạc hướng (red herring) và là một sự pha trộn sai lệch giữa các vấn đề môi trường và y tế công cộng. Tổng thể, văn bản này thể hiện một thái độ cực kỳ hoài nghi, phủ nhận các khuyến nghị y tế chính thống và mang tính chất thuyết âm mưu.

**"
VNLP_V6_1315,ThuHuong Tỷ con chị ko tiêm đi hoc co gây khó khăn k,1,2,1,1,"**Reasoning Paragraph (Vietnamese):**

Văn bản này là một câu hỏi mang tính chất thăm dò, cụ thể là ""ThuHuong Tỷ con chị ko tiêm đi hoc co gây khó khăn k"" (Tạm dịch: Nếu con chị không tiêm chủng đi học thì có gây khó khăn không?). Về mặt y khoa, việc không tiêm chủng có thể gây ra những rủi ro nghiêm trọng về sức khỏe cộng đồng và cá nhân, bao gồm nguy cơ mắc các bệnh truyền nhiễm nguy hiểm (như sởi, uốn ván, bại liệt, v.v.), dẫn đến biến chứng nặng hoặc tử vong. Về mặt pháp lý và quy định y tế công cộng, nhiều nơi có quy định bắt buộc tiêm chủng để đảm bảo sức khỏe cộng đồng (miễn dịch cộng đồng). Do đó, câu hỏi này tiềm ẩn nguy cơ dẫn đến thông tin sai lệch nếu người trả lời đưa ra câu trả lời phủ nhận hoặc giảm nhẹ rủi ro. Quan điểm của người hỏi là đang tìm kiếm sự xác nhận về những khó khăn/rủi ro liên quan đến việc không tiêm chủng. Cảm xúc của người hỏi là sự lo lắng hoặc tìm kiếm sự trấn an/thông tin."
